<?xml version="1.0" encoding="UTF-8"?>
<beans:beans xmlns="http://www.springframework.org/schema/mvc"
	xmlns:xsi="http://www.w3.org/2001/XMLSchema-instance"
	xmlns:beans="http://www.springframework.org/schema/beans"
	xmlns:context="http://www.springframework.org/schema/context"
	xsi:schemaLocation="http://www.springframework.org/schema/mvc https://www.springframework.org/schema/mvc/spring-mvc.xsd
		http://www.springframework.org/schema/beans https://www.springframework.org/schema/beans/spring-beans.xsd
		http://www.springframework.org/schema/context https://www.springframework.org/schema/context/spring-context.xsd">

	<!-- DispatcherServlet Context: defines this servlet's request-processing infrastructure -->
	
	<!-- Enables the Spring MVC @Controller programming model -->
	<annotation-driven />

	<!-- Handles HTTP GET requests for /resources/** by efficiently serving up static resources in the ${webappRoot}/resources directory -->
	<resources mapping="/resources/**" location="/resources/" />
	
	<!-- custom javascript -->
	<resources mapping="/custom/**" location="/resources/js/custom/" />
	
	<!-- jQuery -->
	<resources mapping="/jQuery/**" location="/resources/js/jQuery/" />
	
	<!-- AngularJS -->
	<resources mapping="/angularjs/**" location="/resources/js/angularjs/" />
	
	<!-- bootstrap -->
	<resources mapping="/bootstrap/**" location="/resources/js/bootstrap/" />

	<!-- Resolves views selected for rendering by @Controllers to .jsp resources in the /WEB-INF/views directory -->
	<beans:bean class="org.springframework.web.servlet.view.InternalResourceViewResolver">
		<beans:property name="prefix" value="/WEB-INF/views/" />
		<beans:property name="suffix" value=".jsp" />
	</beans:bean>
	
	
	<!-- Fileupload : 파일 관리자 id(multipartResolver)는 가급적 그대로 사용할 것! -->    
    <beans:bean id="multipartResolver"
                class="org.springframework.web.multipart.commons.CommonsMultipartResolver">
                  <beans:property name="maxUploadSize" value="52428800" />  
    </beans:bean>   
	
	 <!-- File repository : 파일 저장소 -->  
    <beans:bean id="uploadDirResource" class="org.springframework.core.io.FileSystemResource">
        <beans:constructor-arg>
           <beans:value>/Users/Kimyoungmin/Desktop/upload/</beans:value>
        </beans:constructor-arg>
    </beans:bean>
    
    
	<!-- controller -->
	<context:component-scan base-package="com.javateam.controller" />
	<!-- vaildation -->
	<context:component-scan base-package="com.javateam.springFormJPAValidation" />
	<!-- domain -->
    <context:component-scan base-package="com.javateam.domain" />
    <!-- service -->
	<context:component-scan base-package="com.javateam.service" />
	<!-- mapper -->
	<context:component-scan base-package="com.javateam.mapper" />
	<!-- dao -->
	<context:component-scan base-package="com.javateam.dao" />
    
</beans:beans>
